1.gazebo,gazebo
1.indigo,ros-indigo
1.navigation,navigation
1.ros,ros
12.04,ubuntu,ubuntu-precise
12.04.urdf,ubuntu,ubuntu-precise
14.04,ubuntu,ubuntu-trusty
16.04,ubuntu,ubuntu-xenial
2DCostmap,2dcostmap
2DSLAM,slam
2D_mapping,2d_mapping
2Dlaserscan,2dlaserscan
2Dlidar,2dlidar
2d_image,2d_image
2d_laser_scanner,laser
2d_nav_goal,2d_nav_goal
2d_naviagation,navigation
2d_navigation,navigation
2d_pose_estimate,2d_pose_estimate
2dmap,navigation,mapping
3.ROS,ros
3.amcl,navigation,amcl
3DPointCloud,pointcloud
3D_Mapping,mapping
3D_navigation,3D_navigation
3Dcamera,3dcamera
3Dmapping,3dmapping
3d_object_recognition,3d_object_recognition
3d_slam,3d_slam
3d_visualization,3d_visualization
3dslam,3dslam
3rd_party_package,3rd_party_package
4.RViz,rviz
4.ubuntu-14.04,ubuntu,ubuntu-trusty
5.ROS,ros
6.turtlebot,turtlebot
64bit,64bit
A200,a200
ARM,arm
ApproximateTime,approximatetime
Archlinux,archlinux
Arduino#ROS#Raspberry,arduino#ros#raspberry
Astra,astra
Asus_Xtion,xtion
AsyncSpinner,asyncspinner
Avoidance,avoidance
BaseGlobalPlanner,baseglobalplanner
Battery,battery
BeagleBoard,beagleboard
BeagleBoneBlack,beagleboneblack
C++,c++
CAD,cad
CAN,can
CLion,clion
CMakeList,cmake
CMakeLists,cmake
CMakeLists.txt,cmake
CPU,cpu
CallbackQueue,callbackqueue
Cartographer,cartographer
Catkin-build,catkin
Catkin.workspace,catkin.workspace
Clearpath,clearpath
Costmap2DROS,costmap_2d_ros
Create,create
DWA,dwa
Debian,debian
Docker,docker
Drone,drone
Eclipse,eclipse
Fixed-frame-rviz,rviz
Fovis,fovis
GUI,gui
Hokuyo,hokuyo
Husky,husky
IDE,ide
IR,ir
ImageTransport,image_transport
Interactive+Markers,interactive_markers
Java,java
JointTrajectory,jointtrajectory
Kinect,kinect
KinectV2,kinect
Kuka,kuka
LMS1xx,sicklms
Lego,lego
Lucid,ubuntu,ubuntu-lucid
MacBook,macbook
NXT,nxt
NaoQI,naoqi
Navigationstack,navigation
Neato,neato
OccupancyGrid,navigation,occupancy_grid
OptiTrack,optitrack
PCLPointCloud2,pcl,pointcloud
PTAM,ptam
PX4,px4
PYTHONPATH,pythonpath
Pandaboard,pandaboard
PyQt,pyqt
Python,python
Qt,qt
QtCreator,qtcreator
RGBD,rgbd
RGBD-6D-SLAM,rgbd_slam,slam
RGBDSLAM,navigation,slam
ROS,ros
ROS-kinetic,ros-kinetic
ROS1,ros
ROS_HOSTNAME,ros_hostname
ROS_INFO,ros_info
ROS_MASTER_URI,ros_master_uri
ROS_PACKAGE_PATH,ros_package_path
ROS_WORKSPACE,ros_workspace
ROS_kinetic,ros-kinetic
RRT,rrt
Raspberry-PI-3,raspberrypi
RaspberryPi,raspberrypi
Raspbian,raspbian
RosAndroid,rosandroid
Rtab-map,rtabmap
SDF,sdf
SLAM,navigation,slam
Schunk,schunk
Sensor,sensor
SimpleActionClient,simpleactionclient
SolidWorks,solidworks
StampedTransform,stampedtransform
TimeSynchronizer,timesynchronizer
Timer,timer
TransformListener,tf2,transform_listener
UAV,uav
USB,usb
USB_camera,usb_camera
Ubuntu,ubuntu
Ubuntu12.04,ubuntu-precise,ubuntu
VLP-16,vlp-16
Windows,windows
Windows10,windows10
XV-11,xv-11
XmlRpc,xmlrpc
abb,abb
acceleration,acceleration
action,action
action_client,action_client
action_server,action_server
actionlib,actionlib
actionlib_tutorials,actionlib_tutorials
actuator,actuator
add_dependencies,add_dependencies
add_message_files,add_message_files
amcl,navigation,amcl
amcl_demo.launch,amcl_demo.launch
amcl_pose,amcl_pose
ament,ament
anaconda,anaconda
android,android
android_core,android,android_core
android_gingerbread,android_gingerbread
android_teleop,android_teleop
android_tutorial_pubsub,android
answers.ros.org,answers.ros.org
apt,apt
ar_kinect,ar_kinect
ar_pose,ar_pose
ar_track_alvar,ar_track_alvar
arbotix,arbotix
ardent,ardent
ardrone,ardrone
ardrone-autonomy,ardrone-autonomy
ardrone2.0,ardrone2.0
ardrone_autonomy,ardrone_autonomy
arduino,arduino
aria,aria
arm_controller,arm_controller
arm_kinematics,arm_kinematics
arm_navigation,arm_navigation
armhf,armhf
array,array
asus,asus
asus_xtion_pro,asus_xtion_pro
asus_xtion_pro_live,asus_xtion_pro_live
audio,audio
audio_common,audio_common
avoid_obstacle,avoid_obstacle
ax12,ax12
bag,rosbag
bag_to_pcd,bag_to_pcd
bagfile,bagfile
bagfiles,bagfiles
bandwidth,bandwidth
base_controller,base_controller
base_footprint,base_footprint
base_global_planner,base_global_planner
base_laser,base_laser
base_link,base_link
base_local_planner,navigation,base_local_planner
base_odometry,base_odometry
bash,bash
bashrc,bashrc
baxter,baxter
beaglebone,beaglebone
bebop_autonomy,bebop_autonomy
begginer_tutorials,begginer_tutorials
beginner,beginner
beginner_tutorials,beginner_tutorials
best_practices,best_practices
binaries,binaries
binary,binary
blender,blender
bloom,bloom
bloom-release,bloom-release
bluetooth,bluetooth
boost,boost
bouncy,ros-bouncy
broadcaster,broadcaster
buffer,buffer
buiding_errors,buiding_errors
build,build
build_from_source,build_from_source
build_package,build_package
buildfarm,buildfarm
bullet,bullet
bumblebee,bumblebee
bumblebee2,bumblebee2
c++11,c++11
calibration,calibration
call_service,call_service
callback,callback
callbacks,callbacks
camera,camera
camera1394,camera1394
camera_calibration,calibration,camera_calibration
camera_depth_points,camera_depth_points
camera_driver,camera_driver
camera_drivers,camera_drivers
camera_info,camera_info
camera_info_manager,camera_info_manager
camera_pose_calibration,camera_pose_calibration
care-o-bot,care-o-bot
carrot_planner,carrot_planner
cartesian,cartesian
catkin,catkin
catkin-cmake,catkin,cmake
catkin-install,catkin-install
catkin-make,catkin_make
catkin_create_pkg,catkin_create_pkg
catkin_make,catkin_make
catkin_make_isolated,catkin_make_isolated
catkin_package,catkin_package
catkin_pkg,catkin_pkg
catkin_tools,catkin_tools
catkin_workspace,catkin_workspace
catkin_ws,catkin_ws
ccny-ros-pkg,ccny-ros-pkg
ccny_rgbd,ccny_rgbd
clear_costmap,clear_costmap
client_rosjava,client_rosjava
clock,clock
cmake,cmake
cmakelist.txt,cmake
cmd_vel,navigation
cmvision,cmvision
colcon,colcon
collada,collada
collada_urdf,collada_urdf
collision,collision
collision_detection,collision_detection
collision_map,collision_map
collision_object,collision_object
communication,communication
compilation,compilation
compile,compile
compressed,compressed
compressedImage,compressedimage
compressed_image_transport,compressed_image_transport
control,control
controller,controller
controller_manager,controller_manager
coordinate,coordinate
coordinate_system,coordinate_system
coordinates,coordinates
costmap,navigation,costmap
costmap2D,costmap,navigation
costmap_2d,navigation,costmap_2d
cpp,c++
cram,cram
create2,create2
create_autonomy,create_autonomy
create_robot,create_robot
cross-compiling,cross_compiling
cross_compilation,cross-compilation
crystal,ros-crystal
cturtle,cturtle
cuda,cuda
custom_message,custom_message
cv_bridge,cv_bridge
cvbridge,cvbridge
dae,dae
data,data
dds,dds
deb,deb
dependencies,dependencies
depth,depth
depth_image,depth_image
depth_image_proc,depth_image_proc
depth_registered,depth_registered
depthimage_to_laserscan,depthimage_to_laserscan
desktop-full,desktop-full
devel,devel
diagnostic_aggregator,diagnostic_aggregator
diagnostics,diagnostics
diamondback,ros-diamondback
diff_drive_controller,diff_drive_controller
differential_drive,differential_drive
documentation,documentation
download,download
driver,driver
dwa_local_planner,dwa_local_planner
dynamic_reconfigure,dynamic_reconfigure
dynamixel,dynamixel
dynamixel_controller,dynamixel_controller
dynamixel_motor,dynamixel_motor
eband_local_planner,eband_local_planner
ecto,ecto
eigen,eigen
eigen3,eigen3
ekf,ekf
ekf_localization,ekf_localization
ekf_localization_node,ekf,ekf_localization_node
electric,ros-electric
electric_turtlebot,ros-electric,turtlebot
embedded,embedded
encoder,encoder
encoders,encoders
environment,environment
environment_server,environment_server
environment_variables,environment_variables
erratic,erratic
erratic_gazebo,erratic_gazebo
estimation,estimation
ethercat,ethercat
ethernet,ethernet
ethzasl_icp_mapping,ethzasl_icp_mapping
ethzasl_ptam,ethzasl_ptam
executive_smach,executive_smach
exploration,exploration
explore,explore
extended_kalman_filter,extended_kalman_filter
external_libraries,external_libraries
extract_images,extract_images
face_detection,face_detection
face_recognition,face_recognition
fake_localization,fake_localization
fanuc,fanuc
fcl,fcl
fedora,fedora
filesystem,filesystem
filter,filter
find_package,find_package
fixed_frame,fixed_frame
follow_joint_trajectory,follow_joint_trajectory
footprint,footprint
force,force
forward_kinematics,forward_kinematics
fovis_ros,fovis_ros
frame,frame
frame_id,frame_id
frames,frames
freenect,freenect
freenect_launch,freenect_launch
frequency,frequency
frontier_exploration,frontier_exploration
fuerte,ros-fuerte
fuerte_install,ros-fuerte
fuerte_turtlebot,ros-fuerte,turtlebot
function,function
g2o,g2o
gazebo,gazebo
gazebo7,gazebo7
gazeboRviz,gazebo,rviz
gazebo_plugin,gazebo_plugin
gazebo_plugins,gazebo_plugins
gazebo_ros,gazebo_ros
gazebo_ros_control,gazebo_ros_control
gazebo_ros_openni_kinect,gazebo_ros_openni_kinect
gazebo_simulator,gazebo_simulator,gazebo
gazebo_worlds,gazebo_worlds
gcc,gcc
gdb,gdb
generate_messages,generate_messages
genmsg,genmsg
gentoo,gentoo
geometry,geometry
geometry_msgs,geometry_msgs
getparam,getparam
git,git
github,github
global_costmap,global_costmap
global_planner,global_planner
gmapping,navigation,gmapping
gmapping_demo,gmapping_demo
gps,gps
gps_common,gps_common
gps_umd,gps_umd
gpsd_client,gpsd_client
gpu,gpu
gradle,gradle
graph,graph
grasp,grasp
grasping,grasping
gripper,gripper
groovy,ros-groovy
groovy_beta,groovy_beta
groovy_install,ros-groovy
groovy_turtlebot,groovy_turtlebot
gscam,gscam
gtest,gtest
gumstix,gumstix
gyro,gyro
hand_interaction,hand_interaction
hardware,hardware
hardware_interface,hardware_interface
header,header
headers,headers
hector,hector
hector-slam,hector_slam
hector_localization,hector_localization
hector_mapping,navigation,mapping,hector_mapping
hector_navigation,hector_navigation
hector_quadrotor,hector_quadrotor
hector_slam,navigation,slam,hector_slam
hokuyo_laser,hokuyo_laser
hokuyo_node,hokuyo_node
homebrew,homebrew
household_objects_database,household_objects_database
hydro,ros-hydro
hydro_turtlebot,ros-hydro,turtlebot
iai_kinect2,iai_kinect2
icp,icp
icreate,icreate
ik,ik
ikfast,ikfast
image,image
image_geometry,image_geometry
image_pipeline,image_pipeline
image_proc,image_proc
image_raw,image_raw
image_transport,image_transport
image_view,image_view
images,images
imu,imu
imu_drivers,imu_drivers
include,include
indigo,ros-indigo
indigo_install,ros-indigo
installation,installation
integration,integration
intel,intel
interactive_markers,interactive_markers
inverse,inverse
inverse_kinematics,inverse_kinematics
irobot_create,irobot_create
irobot_create_2_1,irobot_create_2_1
jackal,jackal
jade,ros-jade
jenkins,jenkins
jessie,jessie
jetson,jetson
jetson_tk1,jetson_tk1
joint,joint
joint_state,joint_state
joint_state_publisher,joint_state_publisher
joint_states,joint_states
joint_trajectory_action,joint_trajectory_action
joint_trajectory_controller,joint_trajectory_controller
joints,joints
jointstate,jointstate
joy,joy
joy_node,joy_node
joystick,joystick
json_prolog,json_prolog
kalman,kalman
kdl,kdl
keyboard_teleop,keyboard_teleop
kforge,kforge
kinematics,kinematics
kinetic,ros-kinetic
kinetic-gazebo7,gazebo,ros-kinetic
kinova,kinova
knowrob,knowrob
knowrobtutorials,knowrobtutorials
kobuki,kobuki
laser,laser
laser_assembler,laser_assembler
laser_filters,laser_filters
laser_geometry,laser_geometry
laser_pipeline,laser_pipeline
laser_scan,laser_scan
laser_scan_matcher,laser_scan_matcher
laserscan,laserscan
laserscanner,laserscanner
latch,latch
launch,roslaunch
launch_file,launch_file
launchfile,roslaunch
layered_costmap,layered_costmap
learning_tf,learning_tf
leg_detector,leg_detector
libboost,libboost
libfreenect,libfreenect
libopencv,libopencv
libopenni,libopenni
libraries,libraries
library,library
libroscpp,libroscpp
librviz,librviz
libusb,libusb
libuvc_camera,libuvc_camera
libviso2,libviso2
lidar,lidar
limits,limits
linear_velocity,linear_velocity
linking,linking
linux,linux
linuxmint,linuxmint
lion,macos-lion,macos
load,load
local_costmap,local_costmap
local_planner,local_planner
localilzation,localilzation
localization,navigation,localization
log4cxx,log4cxx
logger,logger
logging,logging
logitech,logitech
lookupTransform,transforms,tf2
lsd_slam,lsd_slam
lunar,ros-lunar
mac,mac
machines,machines
macosx,macosx
make,make
makefile,makefile
manifest.xml,manifest.xml
manipulation,manipulation
manipulator,manipulator
map,navigation,map
map_saver,map_saver
map_server,navigation,mapping,map_server
map_to_odom,map_to_odom
mapping,navigation,mapping
marker,marker
markerarray,markerarray
markers,markers
markers.rviz,markers.rviz
master,master
matlab,matlab
mavericks,mavericks
mavlink,mavlink
mavros,mavros
md5,md5
melodic,ros-melodic
memory,memory
mesh,mesh
message,message
message_filter,message_filter
message_filters,message_filters
message_generation,message_generation
messages,messages
meta,meta
metapackage,metapackage
microcontroller,microcontroller
microstrain,microstrain
microstrain_3dmgx2_imu,microstrain_3dmgx2_imu
mit-ros-pkg,mit-ros-pkg
mjpeg_server,mjpeg_server
mobile,mobile
mobile_base,mobile_base
mobile_robot,mobile_robot
mocap_optitrack,mocap_optitrack
model,model
module,module
monocular_camera,monocular_camera
morse,morse
motion_planners,motion_planners
motion_planning,motion_planning
motionplanning,motionplanning
motoman,motoman
motoman_driver,motoman_driver
motor_controller,motor_controller
mountain_lion,macos-mountain-lion
move_arm,move_arm
move_base,navigation,move_base
move_base_msgs,move_base_msgs
move_group,move_group
move_group_interface,move_group_interface
movegroup,movegroup
moveit+arm,moveit
moveit+move_group,moveit
moveit,moveit
moveit_commander,moveit_commander
moveit_setup_assistant,moveit_setup_assistant
moveit_tutorial,moveit_tutorial
msg,msg
msg_subscriber,msg_subscriber
multi-robot,multi_robot
multi-thread,multi-thread
multi_machine,multi_machine
multi_robot,multi_robot
multiarray,multiarray
multimaster,multimaster
multiple,multiple
multiple-machines,multiple-machines
multiplemachines,multiplemachines
multithreading,multithreading
namespace,namespace
namespaces,namespaces
nao,nao
nao-robot,nao-robot
nao_driver,nao_driver
nao_robot,nao_robot
natty,ubuntu,ubuntu-natty
nav2d,nav2d
nav2d_exploration,nav2d_exploration
nav2d_tutorials,nav2d_tutorials
nav_core,nav_core
nav_msgs,nav_msgs
navfn,navfn
navigation,navigation
navigation_stack,navigation
navsat_transform,navsat_transform
navsat_transform_node,navsat_transform_node
network,network
network_setup,network_setup
nite,nite
node,node
node_handle,node_handle
nodehandle,nodehandle
nodelet,nodelet
nodelet_manager,nodelet_manager
nodelets,nodelets
nodes,nodes
nvidia,nvidia
nxt_ros,nxt_ros
object_detection,object_detection
object_manipulation,object_manipulation
object_recognition,object_recognition
object_recognition_kitchen,object_recognition_kitchen
obstacle_avoidance,obstacle_avoidance
occupancy_grid,occupancy_grid
octomap,octomap
octomap_mapping,octomap_mapping
octomap_server,octomap_server,octomap
octovis,octovis
octree,octree
odom,navigation,odometry
odom_combined,odom_combined
odometry,navigation,odometry
odroid,odroid
offline,offline
ogre,ogre
ompl,ompl
ompl_planning,ompl_planning
ompl_ros_interface,ompl_ros_interface
oneiric,ubuntu,ubuntu-oneiric
openCR,opencr
opencv,opencv
opencv2,opencv2
opencv2.2,opencv2.2
opencv3,opencv3
opengl,opengl
openni,openni
openni.launch,openni.launch
openni2,openni2
openni2_camera,openni2_camera
openni_camera,openni_camera
openni_kinect,openni_kinect
openni_launch,openni_launch
openni_node,openni_node
openni_tracker,openi_tracker
openrave,openrave
optimization,optimization
orocos,orocos
osx,osx
overlay,overlay
p2os,p2os
p2os_driver,p2os_driver
p3at,p3at
p3dx,p3dx
package,package
package.xml,package.xml
packages,packages
parallel,parallel
param_server,param_server
parameter,parameter
parameter_server,parameter_server
parameters,parameters
parrot,parrot
path,path
path-planning,path-planning
path_planning,path_planning
pathplanning,pathplanning
pcd,pcd
pcl,pcl
pcl-1.7,pcl,pcl-1.7
pcl_conversions,pcl_conversions
pcl_ros,pcl,pcl_ros
pelican,pelican
people,people
perception_pcl,perception_pcl
performance,performance
permission,permission
permissions,permissions
pgm,pgm
phidgets,phidgets
physics,physics
pi,raspberrypi
pi_tracker,pi_tracker
pick_and_place,pick_and_place
pid,pid
pioneer,pioneer
pioneer-3dx,pioneer-3dx
pip,pip
pixhawk,pixhawk
planner,planner
planning_environment,planning_environment
planning_scene,planning_scene
play,play
player,player
plot,plot
plugin,plugin
pluginlib,pluginlib
pocketsphinx,pocketsphinx
point_cloud,pointcloud
pointcloud,pointcloud
pointcloud2,pointcloud
pointcloud_to_laserscan,pointcloud_to_laserscan
pointclouds,pointclouds
pointgrey,pointgrey
points,points
pose,pose
poseStamped,posestamped
position,position
pr2,pr2
pr2_arm_navigation,pr2_arm_navigation
pr2_controller_manager,pr2_controller_manager
pr2_controllers,pr2_controllers
pr2_gazebo,pr2_gazebo
pr2_simulator,pr2_simulator
pr2_tabletop_manipulation_apps,pr2_tabletop_manipulation_apps
pre-release,pre-release
precise,ubuntu,ubuntu-precise
primesense,primesense
print,print
prosilica_camera,prosilica_camera
ps3joy,ps3joy
publish,publish
publisher,publisher
python2.7,python2.7
python3,python3
qt4,qt4
qt5,qt5
quadcopter,quadcopter
quadrotor,quadrotor
quaternion,quaternion
queue,queue
range,range
raspberry,rasbperrypi
raspberry-pi,raspberrypi
raspberry-pi-2,raspberrypi
raspberry_pi,raspberrypi
raspberry_pi_2,raspberrypi
rate,rate
razor_imu_9dof,razor_imu_9dof
rclcpp,rclcpp
rclpy,rclpy
real-time,real-time
realsense,realsense
realsense_camera,realsense_camera
realtime,realtime
release,release
remap,remap
remapping,remapping
remote,remote
remote-launch,remote-launch
remote-roscore,remote-roscore
resolution,resolution
respawn,respawn
rgbd6dslam,rgbd6dslam
rgbdslam_freiburg,rgbdslam_freiburg
rgbdslam_v2,rgbdslam_v2
rgbdslamv2,rgbdslamv2
roboearth,roboearth
robot,robot
robot_calibration,robot_calibration
robot_description,robot_description
robot_localization,navigation,robot_localization
robot_model,robot_model
robot_pose_ekf,navigation,robot_pose_ekf
robot_state_publisher,robot_state_publisher
robot_upstart,robot_upstart
robotino,robotino
robotis,robotis
robotwebtools,robotwebtools
rocon,rocon
roomba,roomba
roomba_500_series,roomba_500_series
root,root
ros-electric,ros-electric
ros-fuerte,ros-fuerte
ros-groovy,ros-groovy
ros-hydro,ros-hydro
ros-i,ros-industrial
ros-indigo,ros-indigo
ros-industrial,ros-industrial
ros-melodic,ros-melodic
ros2,ros2
ros3djs,ros3djs
ros_Industrial,ros_industrial
ros_arduino_bridge,ros_arduino_bridge
ros_canopen,ros_canopen
ros_comm,ros_comm
ros_control,ros_control
ros_controllers,ros_controllers
ros_electric,ros-electric
ros_indigo,ros-indigo
ros_ip,ros_ip
ros_lib,ros_lib
ros_pcl,ros_pcl
ros_release,ros_release
ros_service,ros_service
ros_tutorials,ros_tutorials
rosaria,rosaria
rosbag,rosbag
rosbag_record,rosbag_record
rosbridge,rosbridge
rosbridge_server,rosbridge_server
rosbridge_suite,rosbridge_suite
rosbuild,rosbuild
roscd,roscd
rosconsole,rosconsole
roscore,roscore
roscpp,roscpp
roscreate-pkg,roscreate-pkg
rosdeb,rosdeb
rosdep,rosdep
rosdep-install,rosdep-install
rosdistro,rosdistro
rosdoc,rosdoc
rosdoc_lite,rosdoc_lite
rosgraph,rosgraph
roshydro,roshydro
rosindigo,ros-indigo
rosinstall,rosinstall
rosjava,rosjava
rosjava.android,rosjava,android
rosjava_core,rosjava_core
rosjava_tutorial_pubsub,rosjava
roslauch,roslauch
roslaunch,roslaunch
roslib,roslib
roslibjs,roslibjs
roslisp,roslisp
rosmake,rosmake
rosmaster,rosmaster
rosmatlab,rosmatlab
rosmessage,rosmessage
rosmsg,rosmsg
rosnode,rosnode
rosout,rosout
rospack,rospack
rospackage,rospackage
rosparam,rosparam
rospkg,rospkg
rospy,rospy
rosrun,rosrun
rosseral_arduino,rosseral_arduino
rosserial,rosserial
rosserial-arduino,rosserial_arduino
rosserial-python,rosserial-python
rosserial_arduino,rosserial,arduino
rosserial_client,rosserial_client
rosserial_python,rosserial_python
rosservice,rosservice
rosservices,rosservices
rostest,rostest
rostime,rostime
rostopic,rostopic
rostopic_-pub,rostopic_-pub
rostopic_echo,rostopic_echo
rosversion,rosversion
rosws,rosws
roswtf,roswtf
rplidar,rplidar
rqt,rqt
rqt_bag,rqt_bag
rqt_graph,rqt_graph
rqt_gui,rqt_gui
rqt_image_view,rqt_image_view
rqt_plot,rqt_plot
rqt_reconfigure,rqt_reconfigure
rtab,rtab
rtabmap,rtabmap,navigation,slam
rtabmap_odometry,rtabmap_odometry
rtabmap_ros,navigation,slam,rtabmap_ros
rviz,rviz
rviz_plugins,rviz_plugins
rxbag,rxbag
rxgraph,rxgraph
rxplot,rxplot
rxtools,rxtools
sbpl,sbpl
sbpl_lattice_planner,sbpl_lattice_planner
scan,scan
scanner,scanner
script,script
sensor_fusion,sensor_fusion
sensor_msgs#Image,sensor_msgs#image
sensor_msgs,sensor_msgs
serial,serial
serialization,serialization
server,server
service,service
services,services
servo,servo
setup.bash,setup.bash
setup.py,setup.py
setup.sh,setup.sh
shadow_robot,shadow_robot
shared_ptr,shared_ptr
shell,shell
shutdown,shutdown
sick,sick
sicklms,sicklms
sicktoolbox_wrapper,sicktoolbox_wrapper
simulation,simulation
simulator,simulation
simulator_gazebo,gazebo,simulation,simulator_gazebo
simulator_stage,simulator_stage
skeletal_tracker,skeletal_tracker
skeleton,skeleton
skeleton_tracker,skeleton_tracker
slam_gmapping,navigation,slam,gmapping,slam_gmapping
sleep,sleep
smach,smach
snowleopard,macos-snowleopard
sonar,sonar
sound_play,sound_play
source,source
spawn,spawn
spawn_model,spawn_model
spin,spin
spinOnce,spinonce
spinning,spinning
srdf,srdf
ssh,ssh
stack,stack
stacks,stacks
stage,stage,simulation
stage_ros,stage_ros
stageros,stageros
startup,startup
state,state
static_map,static_map
static_transform_publisher,static_transform_publisher
std_msgs,std_msgs
stereo,stereo
stereo_calibration,stereo_calibration
stereo_camera,stereo_camera
stereo_image_proc,stere_image_proc
stl,stl
stream,stream
subscribe,subscribe
subscriber,ros
sudo,sudo
svn,svn
sw_urdf_exporter,sw_urdf_exporter
synchronization,synchronization
syncronization,syncronization
syntax,syntax
tabletop,tabletop
tabletop_object_detector,tabletop_object_detector
tag,newtags
talker,talker
target_link_libraries,target_link_libraries
tcpros,tcpros
teb_local_planner,teb_local_planner
teleop,teleop
teleop_base,teleop_base
teleoperation,teleoperation
tf,transform
tf2,tf2
tf2,transform,tf2
tf2_ros,tf2_ros
tf_broadcaster,tf_broadcaster
tf_conversions,tf_conversions
tf_listener,tf_listener
tf_prefix,tf_prefix
tf_static,tf_static
tf_tree,tf_tree
tf_tutorial,tf_tutorial
third-party,third-party
thread,thread
threads,threads
time,time
timeout,timeout
timestamp,timestamp
tinyxml,tinyxml
tod_detecting,tod_detecting
tod_training,tod_training
topic,topic
topic_tools,topic_tools
topics,topics
trac_ik,trac_ik
tracking,tracking
trajectory_filters,trajectory_filters
trajectory_msgs,trajectory_msgs
transform,transform
transform_broadcaster,transform_broadcaster
transformation,transforms
transformations,transformations
transforms,transforms
translation,translation
transmission,transmission
trusty,ubuntu,ubuntu-trusty
tum_ardrone,tum_ardrone
tum_simulator,tum_simulator
turtlebot,turtlebot
turtlebot2,turtlebot2,turtlebot
turtlebot3,turtlebot3
turtlebot_apps,turtlebot_apps
turtlebot_arm,turtlebot_arm
turtlebot_bringup,turtlebot_bringup
turtlebot_calibration,turtlebot_calibration
turtlebot_dashboard,turtlebot_dashboard
turtlebot_gazebo,turtlebot_gazebo
turtlebot_navigation,turtlebot_navigation
turtlebot_simulator,simulation,turtlebot,turtlebot_simulator
turtlesim,turtlesim
turtlesim_node,turtlesim_node
tutorial,tutorial
tutorials,tutorials
ubuntu-12.04,ubuntu,ubuntu-precise
ubuntu-12.10,ubuntu,ubuntu-quantal
ubuntu-14.04,ubuntu,ubuntu-trusty
ubuntu-16.04,ubuntu,ubuntu-xenial
ubuntu-18.04,ubuntu,ubuntu-bionic
ubuntu14.04,ubuntu,ubuntu-trusty
ubuntu16.04,ubuntu,ubuntu-xenial
ubuntu_11.10,ubuntu,ubuntu-oneiric
ubuntu_12.04,ubuntu,ubuntu-precise
udpros,udpros
ueye,ueye
ueye_cam,ueye_cam
unit_testing,unit_testing
universal-robot,universal-robot
universal-robots,universal-robots
universal_robot,universal_robot
update,update
ur10,ur10
ur5,ur5
ur_driver,ur_driver
ur_modern_driver,ur_modern_driver
urdf,urdf
urdf_tutorial,urdf_tutorial
urg_node,urg_node
usb_cam,usb_cam,camera
usb_cam_node,usb_cam_node
use_sim_time,use_sim_time
uvc_cam,uvc_cam
uvc_camera,uvc_camera
uwsim,uwsim
velocity,velocity
velodyne,velodyne
velodyne_driver,velodyne_driver
velodyne_pointcloud,velodyne_pointcloud
video,video
virtualbox,virtualbox
vision_opencv,vision_opencv
viso2,viso2
viso2_ros,viso2_ros
visp_auto_tracker,visp_auto_tracker
visual_odometry,visual_odometry
visualization,visualization
visualization_msgs,visualization_msgs
vlp16,vlp16
voxel_grid,voxel_grid
vrep,vrep
vslam,vslam
vslam_system,vslam_system
web,web
webcam,webcam
websocket,websocket
wheezy,wheezy
wifi,wifi
wiki,wiki
win_ros,win_ros
winros,winros
wireless,wireless
workstation,workstation
world,world
wstool,wstool
wxWidgets,wxwidgets
xacro,xacro
xenial,ubuntu,ubuntu-xenial
xml,xml
xsens,xsens
xtion,xtion
xv_11_laser_driver,xv_11_laser_driver
yaml,yaml
yaml-cpp,yaml-cpp
yaw,yaw
youbot,youbot
