1.gazebo,gazebo,ros
1.indigo,ros-indigo,ros
1.navigation,navigation,ros
1.ros,ros
12.04,ubuntu,ubuntu-precise,ros
12.04.urdf,ubuntu,ubuntu-precise,ros
14.04,ubuntu,ubuntu-trusty,ros
16.04,ubuntu,ubuntu-xenial,ros
2DCostmap,2dcostmap,ros
2DSLAM,slam,ros
2D_mapping,2d_mapping,ros
2Dlaserscan,2dlaserscan,ros
2Dlidar,2dlidar,ros
2d_image,2d_image,ros
2d_laser_scanner,laser,ros
2d_nav_goal,2d_nav_goal,ros
2d_naviagation,navigation,ros
2d_navigation,navigation,ros
2d_pose_estimate,2d_pose_estimate,ros
2dmap,navigation,mapping,ros
3.ROS,ros
3.amcl,navigation,amcl,ros
3DPointCloud,pointcloud,ros
3D_Mapping,mapping,ros
3D_navigation,3D_navigation,ros
3Dcamera,3dcamera,ros
3Dmapping,3dmapping,ros
3d_object_recognition,3d_object_recognition,ros
3d_slam,3d_slam,ros
3d_visualization,3d_visualization,ros
3dslam,3dslam,ros
3rd_party_package,3rd_party_package,ros
4.RViz,rviz,ros
4.ubuntu-14.04,ubuntu,ubuntu-trusty,ros
5.ROS,ros
6.turtlebot,turtlebot,ros
64bit,64bit,ros
A200,a200,ros
ARM,arm,ros
ApproximateTime,approximatetime,ros
Archlinux,archlinux,ros
Arduino#ROS#Raspberry,arduino#ros#raspberry,ros
Astra,astra,ros
Asus_Xtion,xtion,ros
AsyncSpinner,asyncspinner,ros
Avoidance,avoidance,ros
BaseGlobalPlanner,baseglobalplanner,ros
Battery,battery,ros
BeagleBoard,beagleboard,ros
BeagleBoneBlack,beagleboneblack,ros
C++,c++,ros
CAD,cad,ros
CAN,can,ros
CLion,clion,ros
CMakeList,cmake,ros
CMakeLists,cmake,ros
CMakeLists.txt,cmake,ros
CPU,cpu,ros
CallbackQueue,callbackqueue,ros
Cartographer,cartographer,ros
Catkin-build,catkin,ros
Catkin.workspace,catkin.workspace,ros
Clearpath,clearpath,ros
Costmap2DROS,costmap_2d_ros,ros
Create,create,ros
DWA,dwa,ros
Debian,debian,ros
Docker,docker,ros
Drone,drone,ros
Eclipse,eclipse,ros
Fixed-frame-rviz,rviz,ros
Fovis,fovis,ros
GUI,gui,ros
Hokuyo,hokuyo,ros
Husky,husky,ros
IDE,ide,ros
IR,ir,ros
ImageTransport,image_transport,ros
Interactive+Markers,interactive_markers,ros
Java,java,ros
JointTrajectory,jointtrajectory,ros
Kinect,kinect,ros
KinectV2,kinect,ros
Kuka,kuka,ros
LMS1xx,sicklms,ros
Lego,lego,ros
Lucid,ubuntu,ubuntu-lucid,ros
MacBook,macbook,ros
NXT,nxt,ros
NaoQI,naoqi,ros
Navigationstack,navigation,ros
Neato,neato,ros
OccupancyGrid,navigation,occupancy_grid,ros
OptiTrack,optitrack,ros
PCLPointCloud2,pcl,pointcloud,ros
PTAM,ptam,ros
PX4,px4,ros
PYTHONPATH,pythonpath,ros
Pandaboard,pandaboard,ros
PyQt,pyqt,ros
Python,python,ros
Qt,qt,ros
QtCreator,qtcreator,ros
RGBD,rgbd,ros
RGBD-6D-SLAM,rgbd_slam,slam,ros
RGBDSLAM,navigation,slam,ros
ROS,ros
ROS-kinetic,ros-kinetic,ros
ROS1,ros
ROS_HOSTNAME,ros_hostname,ros
ROS_INFO,ros_info,ros
ROS_MASTER_URI,ros_master_uri,ros
ROS_PACKAGE_PATH,ros_package_path,ros
ROS_WORKSPACE,ros_workspace,ros
ROS_kinetic,ros-kinetic,ros
RRT,rrt,ros
Raspberry-PI-3,raspberrypi,ros
RaspberryPi,raspberrypi,ros
Raspbian,raspbian,ros
RosAndroid,rosandroid,ros
Rtab-map,rtabmap,ros
SDF,sdf,ros
SLAM,navigation,slam,ros
Schunk,schunk,ros
Sensor,sensor,ros
SimpleActionClient,simpleactionclient,ros
SolidWorks,solidworks,ros
StampedTransform,stampedtransform,ros
TimeSynchronizer,timesynchronizer,ros
Timer,timer,ros
TransformListener,tf2,transform_listener,ros
UAV,uav,ros
USB,usb,ros
USB_camera,usb_camera,ros
Ubuntu,ubuntu,ros
Ubuntu12.04,ubuntu-precise,ubuntu,ros
VLP-16,vlp-16,ros
Windows,windows,ros
Windows10,windows10,ros
XV-11,xv-11,ros
XmlRpc,xmlrpc,ros
abb,abb,ros
acceleration,acceleration,ros
action,action,ros
action_client,action_client,ros
action_server,action_server,ros
actionlib,actionlib,ros
actionlib_tutorials,actionlib_tutorials,ros
actuator,actuator,ros
add_dependencies,add_dependencies,ros
add_message_files,add_message_files,ros
amcl,navigation,amcl,ros
amcl_demo.launch,amcl_demo.launch,ros
amcl_pose,amcl_pose,ros
ament,ament,ros
anaconda,anaconda,ros
android,android,ros
android_core,android,android_core,ros
android_gingerbread,android_gingerbread,ros
android_teleop,android_teleop,ros
android_tutorial_pubsub,android,ros
answers.ros.org,answers.ros.org,ros
apt,apt,ros
ar_kinect,ar_kinect,ros
ar_pose,ar_pose,ros
ar_track_alvar,ar_track_alvar,ros
arbotix,arbotix,ros
ardent,ardent,ros
ardrone,ardrone,ros
ardrone-autonomy,ardrone-autonomy,ros
ardrone2.0,ardrone2.0,ros
ardrone_autonomy,ardrone_autonomy,ros
arduino,arduino,ros
aria,aria,ros
arm_controller,arm_controller,ros
arm_kinematics,arm_kinematics,ros
arm_navigation,arm_navigation,ros
armhf,armhf,ros
array,array,ros
asus,asus,ros
asus_xtion_pro,asus_xtion_pro,ros
asus_xtion_pro_live,asus_xtion_pro_live,ros
audio,audio,ros
audio_common,audio_common,ros
avoid_obstacle,avoid_obstacle,ros
ax12,ax12,ros
bag,rosbag,ros
bag_to_pcd,bag_to_pcd,ros
bagfile,bagfile,ros
bagfiles,bagfiles,ros
bandwidth,bandwidth,ros
base_controller,base_controller,ros
base_footprint,base_footprint,ros
base_global_planner,base_global_planner,ros
base_laser,base_laser,ros
base_link,base_link,ros
base_local_planner,navigation,base_local_planner,ros
base_odometry,base_odometry,ros
bash,bash,ros
bashrc,bashrc,ros
baxter,baxter,ros
beaglebone,beaglebone,ros
bebop_autonomy,bebop_autonomy,ros
begginer_tutorials,begginer_tutorials,ros
beginner,beginner,ros
beginner_tutorials,beginner_tutorials,ros
best_practices,best_practices,ros
binaries,binaries,ros
binary,binary,ros
blender,blender,ros
bloom,bloom,ros
bloom-release,bloom-release,ros
bluetooth,bluetooth,ros
boost,boost,ros
bouncy,ros-bouncy,ros
broadcaster,broadcaster,ros
buffer,buffer,ros
buiding_errors,buiding_errors,ros
build,build,ros
build_from_source,build_from_source,ros
build_package,build_package,ros
buildfarm,buildfarm,ros
bullet,bullet,ros
bumblebee,bumblebee,ros
bumblebee2,bumblebee2,ros
c++11,c++11,ros
calibration,calibration,ros
call_service,call_service,ros
callback,callback,ros
callbacks,callbacks,ros
camera,camera,ros
camera1394,camera1394,ros
camera_calibration,calibration,camera_calibration,ros
camera_depth_points,camera_depth_points,ros
camera_driver,camera_driver,ros
camera_drivers,camera_drivers,ros
camera_info,camera_info,ros
camera_info_manager,camera_info_manager,ros
camera_pose_calibration,camera_pose_calibration,ros
care-o-bot,care-o-bot,ros
carrot_planner,carrot_planner,ros
cartesian,cartesian,ros
catkin,catkin,ros
catkin-cmake,catkin,cmake,ros
catkin-install,catkin-install,ros
catkin-make,catkin_make,ros
catkin_create_pkg,catkin_create_pkg,ros
catkin_make,catkin_make,ros
catkin_make_isolated,catkin_make_isolated,ros
catkin_package,catkin_package,ros
catkin_pkg,catkin_pkg,ros
catkin_tools,catkin_tools,ros
catkin_workspace,catkin_workspace,ros
catkin_ws,catkin_ws,ros
ccny-ros-pkg,ccny-ros-pkg,ros
ccny_rgbd,ccny_rgbd,ros
clear_costmap,clear_costmap,ros
client_rosjava,client_rosjava,ros
clock,clock,ros
cmake,cmake,ros
cmakelist.txt,cmake,ros
cmd_vel,navigation,ros
cmvision,cmvision,ros
colcon,colcon,ros
collada,collada,ros
collada_urdf,collada_urdf,ros
collision,collision,ros
collision_detection,collision_detection,ros
collision_map,collision_map,ros
collision_object,collision_object,ros
communication,communication,ros
compilation,compilation,ros
compile,compile,ros
compressed,compressed,ros
compressedImage,compressedimage,ros
compressed_image_transport,compressed_image_transport,ros
control,control,ros
controller,controller,ros
controller_manager,controller_manager,ros
coordinate,coordinate,ros
coordinate_system,coordinate_system,ros
coordinates,coordinates,ros
costmap,navigation,costmap,ros
costmap2D,costmap,navigation,ros
costmap_2d,navigation,costmap_2d,ros
cpp,c++,ros
cram,cram,ros
create2,create2,ros
create_autonomy,create_autonomy,ros
create_robot,create_robot,ros
cross-compiling,cross_compiling,ros
cross_compilation,cross-compilation,ros
crystal,ros-crystal,ros
cturtle,cturtle,ros
cuda,cuda,ros
custom_message,custom_message,ros
cv_bridge,cv_bridge,ros
cvbridge,cvbridge,ros
dae,dae,ros
data,data,ros
dds,dds,ros
deb,deb,ros
dependencies,dependencies,ros
depth,depth,ros
depth_image,depth_image,ros
depth_image_proc,depth_image_proc,ros
depth_registered,depth_registered,ros
depthimage_to_laserscan,depthimage_to_laserscan,ros
desktop-full,desktop-full,ros
devel,devel,ros
diagnostic_aggregator,diagnostic_aggregator,ros
diagnostics,diagnostics,ros
diamondback,ros-diamondback,ros
diff_drive_controller,diff_drive_controller,ros
differential_drive,differential_drive,ros
documentation,documentation,ros
download,download,ros
driver,driver,ros
dwa_local_planner,dwa_local_planner,ros
dynamic_reconfigure,dynamic_reconfigure,ros
dynamixel,dynamixel,ros
dynamixel_controller,dynamixel_controller,ros
dynamixel_motor,dynamixel_motor,ros
eband_local_planner,eband_local_planner,ros
ecto,ecto,ros
eigen,eigen,ros
eigen3,eigen3,ros
ekf,ekf,ros
ekf_localization,ekf_localization,ros
ekf_localization_node,ekf,ekf_localization_node,ros
electric,ros-electric,ros
electric_turtlebot,ros-electric,turtlebot,ros
embedded,embedded,ros
encoder,encoder,ros
encoders,encoders,ros
environment,environment,ros
environment_server,environment_server,ros
environment_variables,environment_variables,ros
erratic,erratic,ros
erratic_gazebo,erratic_gazebo,ros
estimation,estimation,ros
ethercat,ethercat,ros
ethernet,ethernet,ros
ethzasl_icp_mapping,ethzasl_icp_mapping,ros
ethzasl_ptam,ethzasl_ptam,ros
executive_smach,executive_smach,ros
exploration,exploration,ros
explore,explore,ros
extended_kalman_filter,extended_kalman_filter,ros
external_libraries,external_libraries,ros
extract_images,extract_images,ros
face_detection,face_detection,ros
face_recognition,face_recognition,ros
fake_localization,fake_localization,ros
fanuc,fanuc,ros
fcl,fcl,ros
fedora,fedora,ros
filesystem,filesystem,ros
filter,filter,ros
find_package,find_package,ros
fixed_frame,fixed_frame,ros
follow_joint_trajectory,follow_joint_trajectory,ros
footprint,footprint,ros
force,force,ros
forward_kinematics,forward_kinematics,ros
fovis_ros,fovis_ros,ros
frame,frame,ros
frame_id,frame_id,ros
frames,frames,ros
freenect,freenect,ros
freenect_launch,freenect_launch,ros
frequency,frequency,ros
frontier_exploration,frontier_exploration,ros
fuerte,ros-fuerte,ros
fuerte_install,ros-fuerte,ros
fuerte_turtlebot,ros-fuerte,turtlebot,ros
function,function,ros
g2o,g2o,ros
gazebo,gazebo,ros
gazebo7,gazebo7,ros
gazeboRviz,gazebo,rviz,ros
gazebo_plugin,gazebo_plugin,ros
gazebo_plugins,gazebo_plugins,ros
gazebo_ros,gazebo_ros,ros
gazebo_ros_control,gazebo_ros_control,ros
gazebo_ros_openni_kinect,gazebo_ros_openni_kinect,ros
gazebo_simulator,gazebo_simulator,gazebo,ros
gazebo_worlds,gazebo_worlds,ros
gcc,gcc,ros
gdb,gdb,ros
generate_messages,generate_messages,ros
genmsg,genmsg,ros
gentoo,gentoo,ros
geometry,geometry,ros
geometry_msgs,geometry_msgs,ros
getparam,getparam,ros
git,git,ros
github,github,ros
global_costmap,global_costmap,ros
global_planner,global_planner,ros
gmapping,navigation,gmapping,ros
gmapping_demo,gmapping_demo,ros
gps,gps,ros
gps_common,gps_common,ros
gps_umd,gps_umd,ros
gpsd_client,gpsd_client,ros
gpu,gpu,ros
gradle,gradle,ros
graph,graph,ros
grasp,grasp,ros
grasping,grasping,ros
gripper,gripper,ros
groovy,ros-groovy,ros
groovy_beta,groovy_beta,ros
groovy_install,ros-groovy,ros
groovy_turtlebot,groovy_turtlebot,ros
gscam,gscam,ros
gtest,gtest,ros
gumstix,gumstix,ros
gyro,gyro,ros
hand_interaction,hand_interaction,ros
hardware,hardware,ros
hardware_interface,hardware_interface,ros
header,header,ros
headers,headers,ros
hector,hector,ros
hector-slam,hector_slam,ros
hector_localization,hector_localization,ros
hector_mapping,navigation,mapping,hector_mapping,ros
hector_navigation,hector_navigation,ros
hector_quadrotor,hector_quadrotor,ros
hector_slam,navigation,slam,hector_slam,ros
hokuyo_laser,hokuyo_laser,ros
hokuyo_node,hokuyo_node,ros
homebrew,homebrew,ros
household_objects_database,household_objects_database,ros
hydro,ros-hydro,ros
hydro_turtlebot,ros-hydro,turtlebot,ros
iai_kinect2,iai_kinect2,ros
icp,icp,ros
icreate,icreate,ros
ik,ik,ros
ikfast,ikfast,ros
image,image,ros
image_geometry,image_geometry,ros
image_pipeline,image_pipeline,ros
image_proc,image_proc,ros
image_raw,image_raw,ros
image_transport,image_transport,ros
image_view,image_view,ros
images,images,ros
imu,imu,ros
imu_drivers,imu_drivers,ros
include,include,ros
indigo,ros-indigo,ros
indigo_install,ros-indigo,ros
installation,installation,ros
integration,integration,ros
intel,intel,ros
interactive_markers,interactive_markers,ros
inverse,inverse,ros
inverse_kinematics,inverse_kinematics,ros
irobot_create,irobot_create,ros
irobot_create_2_1,irobot_create_2_1,ros
jackal,jackal,ros
jade,ros-jade,ros
jenkins,jenkins,ros
jessie,jessie,ros
jetson,jetson,ros
jetson_tk1,jetson_tk1,ros
joint,joint,ros
joint_state,joint_state,ros
joint_state_publisher,joint_state_publisher,ros
joint_states,joint_states,ros
joint_trajectory_action,joint_trajectory_action,ros
joint_trajectory_controller,joint_trajectory_controller,ros
joints,joints,ros
jointstate,jointstate,ros
joy,joy,ros
joy_node,joy_node,ros
joystick,joystick,ros
json_prolog,json_prolog,ros
kalman,kalman,ros
kdl,kdl,ros
keyboard_teleop,keyboard_teleop,ros
kforge,kforge,ros
kinematics,kinematics,ros
kinetic,ros-kinetic,ros
kinetic-gazebo7,gazebo,ros-kinetic,ros
kinova,kinova,ros
knowrob,knowrob,ros
knowrobtutorials,knowrobtutorials,ros
kobuki,kobuki,ros
laser,laser,ros
laser_assembler,laser_assembler,ros
laser_filters,laser_filters,ros
laser_geometry,laser_geometry,ros
laser_pipeline,laser_pipeline,ros
laser_scan,laser_scan,ros
laser_scan_matcher,laser_scan_matcher,ros
laserscan,laserscan,ros
laserscanner,laserscanner,ros
latch,latch,ros
launch,roslaunch,ros
launch_file,launch_file,ros
launchfile,roslaunch,ros
layered_costmap,layered_costmap,ros
learning_tf,learning_tf,ros
leg_detector,leg_detector,ros
libboost,libboost,ros
libfreenect,libfreenect,ros
libopencv,libopencv,ros
libopenni,libopenni,ros
libraries,libraries,ros
library,library,ros
libroscpp,libroscpp,ros
librviz,librviz,ros
libusb,libusb,ros
libuvc_camera,libuvc_camera,ros
libviso2,libviso2,ros
lidar,lidar,ros
limits,limits,ros
linear_velocity,linear_velocity,ros
linking,linking,ros
linux,linux,ros
linuxmint,linuxmint,ros
lion,macos-lion,macos,ros
load,load,ros
local_costmap,local_costmap,ros
local_planner,local_planner,ros
localilzation,localilzation,ros
localization,navigation,localization,ros
log4cxx,log4cxx,ros
logger,logger,ros
logging,logging,ros
logitech,logitech,ros
lookupTransform,transforms,tf2,ros
lsd_slam,lsd_slam,ros
lunar,ros-lunar,ros
mac,mac,ros
machines,machines,ros
macosx,macosx,ros
make,make,ros
makefile,makefile,ros
manifest.xml,manifest.xml,ros
manipulation,manipulation,ros
manipulator,manipulator,ros
map,navigation,map,ros
map_saver,map_saver,ros
map_server,navigation,mapping,map_server,ros
map_to_odom,map_to_odom,ros
mapping,navigation,mapping,ros
marker,marker,ros
markerarray,markerarray,ros
markers,markers,ros
markers.rviz,markers.rviz,ros
master,master,ros
matlab,matlab,ros
mavericks,mavericks,ros
mavlink,mavlink,ros
mavros,mavros,ros
md5,md5,ros
melodic,ros-melodic,ros
memory,memory,ros
mesh,mesh,ros
message,message,ros
message_filter,message_filter,ros
message_filters,message_filters,ros
message_generation,message_generation,ros
messages,messages,ros
meta,meta,ros
metapackage,metapackage,ros
microcontroller,microcontroller,ros
microstrain,microstrain,ros
microstrain_3dmgx2_imu,microstrain_3dmgx2_imu,ros
mit-ros-pkg,mit-ros-pkg,ros
mjpeg_server,mjpeg_server,ros
mobile,mobile,ros
mobile_base,mobile_base,ros
mobile_robot,mobile_robot,ros
mocap_optitrack,mocap_optitrack,ros
model,model,ros
module,module,ros
monocular_camera,monocular_camera,ros
morse,morse,ros
motion_planners,motion_planners,ros
motion_planning,motion_planning,ros
motionplanning,motionplanning,ros
motoman,motoman,ros
motoman_driver,motoman_driver,ros
motor_controller,motor_controller,ros
mountain_lion,macos-mountain-lion,ros
move_arm,move_arm,ros
move_base,navigation,move_base,ros
move_base_msgs,move_base_msgs,ros
move_group,move_group,ros
move_group_interface,move_group_interface,ros
movegroup,movegroup,ros
moveit+arm,moveit,ros
moveit+move_group,moveit,ros
moveit,moveit,ros
moveit_commander,moveit_commander,ros
moveit_setup_assistant,moveit_setup_assistant,ros
moveit_tutorial,moveit_tutorial,ros
msg,msg,ros
msg_subscriber,msg_subscriber,ros
multi-robot,multi_robot,ros
multi-thread,multi-thread,ros
multi_machine,multi_machine,ros
multi_robot,multi_robot,ros
multiarray,multiarray,ros
multimaster,multimaster,ros
multiple,multiple,ros
multiple-machines,multiple-machines,ros
multiplemachines,multiplemachines,ros
multithreading,multithreading,ros
namespace,namespace,ros
namespaces,namespaces,ros
nao,nao,ros
nao-robot,nao-robot,ros
nao_driver,nao_driver,ros
nao_robot,nao_robot,ros
natty,ubuntu,ubuntu-natty,ros
nav2d,nav2d,ros
nav2d_exploration,nav2d_exploration,ros
nav2d_tutorials,nav2d_tutorials,ros
nav_core,nav_core,ros
nav_msgs,nav_msgs,ros
navfn,navfn,ros
navigation,navigation,ros
navigation_stack,navigation,ros
navsat_transform,navsat_transform,ros
navsat_transform_node,navsat_transform_node,ros
network,network,ros
network_setup,network_setup,ros
nite,nite,ros
node,node,ros
node_handle,node_handle,ros
nodehandle,nodehandle,ros
nodelet,nodelet,ros
nodelet_manager,nodelet_manager,ros
nodelets,nodelets,ros
nodes,nodes,ros
nvidia,nvidia,ros
nxt_ros,nxt_ros,ros
object_detection,object_detection,ros
object_manipulation,object_manipulation,ros
object_recognition,object_recognition,ros
object_recognition_kitchen,object_recognition_kitchen,ros
obstacle_avoidance,obstacle_avoidance,ros
occupancy_grid,occupancy_grid,ros
octomap,octomap,ros
octomap_mapping,octomap_mapping,ros
octomap_server,octomap_server,octomap,ros
octovis,octovis,ros
octree,octree,ros
odom,navigation,odometry,ros
odom_combined,odom_combined,ros
odometry,navigation,odometry,ros
odroid,odroid,ros
offline,offline,ros
ogre,ogre,ros
ompl,ompl,ros
ompl_planning,ompl_planning,ros
ompl_ros_interface,ompl_ros_interface,ros
oneiric,ubuntu,ubuntu-oneiric,ros
openCR,opencr,ros
opencv,opencv,ros
opencv2,opencv2,ros
opencv2.2,opencv2.2,ros
opencv3,opencv3,ros
opengl,opengl,ros
openni,openni,ros
openni.launch,openni.launch,ros
openni2,openni2,ros
openni2_camera,openni2_camera,ros
openni_camera,openni_camera,ros
openni_kinect,openni_kinect,ros
openni_launch,openni_launch,ros
openni_node,openni_node,ros
openni_tracker,openi_tracker,ros
openrave,openrave,ros
optimization,optimization,ros
orocos,orocos,ros
osx,osx,ros
overlay,overlay,ros
p2os,p2os,ros
p2os_driver,p2os_driver,ros
p3at,p3at,ros
p3dx,p3dx,ros
package,package,ros
package.xml,package.xml,ros
packages,packages,ros
parallel,parallel,ros
param_server,param_server,ros
parameter,parameter,ros
parameter_server,parameter_server,ros
parameters,parameters,ros
parrot,parrot,ros
path,path,ros
path-planning,path-planning,ros
path_planning,path_planning,ros
pathplanning,pathplanning,ros
pcd,pcd,ros
pcl,pcl,ros
pcl-1.7,pcl,pcl-1.7,ros
pcl_conversions,pcl_conversions,ros
pcl_ros,pcl,pcl_ros,ros
pelican,pelican,ros
people,people,ros
perception_pcl,perception_pcl,ros
performance,performance,ros
permission,permission,ros
permissions,permissions,ros
pgm,pgm,ros
phidgets,phidgets,ros
physics,physics,ros
pi,raspberrypi,ros
pi_tracker,pi_tracker,ros
pick_and_place,pick_and_place,ros
pid,pid,ros
pioneer,pioneer,ros
pioneer-3dx,pioneer-3dx,ros
pip,pip,ros
pixhawk,pixhawk,ros
planner,planner,ros
planning_environment,planning_environment,ros
planning_scene,planning_scene,ros
play,play,ros
player,player,ros
plot,plot,ros
plugin,plugin,ros
pluginlib,pluginlib,ros
pocketsphinx,pocketsphinx,ros
point_cloud,pointcloud,ros
pointcloud,pointcloud,ros
pointcloud2,pointcloud,ros
pointcloud_to_laserscan,pointcloud_to_laserscan,ros
pointclouds,pointclouds,ros
pointgrey,pointgrey,ros
points,points,ros
pose,pose,ros
poseStamped,posestamped,ros
position,position,ros
pr2,pr2,ros
pr2_arm_navigation,pr2_arm_navigation,ros
pr2_controller_manager,pr2_controller_manager,ros
pr2_controllers,pr2_controllers,ros
pr2_gazebo,pr2_gazebo,ros
pr2_simulator,pr2_simulator,ros
pr2_tabletop_manipulation_apps,pr2_tabletop_manipulation_apps,ros
pre-release,pre-release,ros
precise,ubuntu,ubuntu-precise,ros
primesense,primesense,ros
print,print,ros
prosilica_camera,prosilica_camera,ros
ps3joy,ps3joy,ros
publish,publish,ros
publisher,publisher,ros
python2.7,python2.7,ros
python3,python3,ros
qt4,qt4,ros
qt5,qt5,ros
quadcopter,quadcopter,ros
quadrotor,quadrotor,ros
quaternion,quaternion,ros
queue,queue,ros
range,range,ros
raspberry,rasbperrypi,ros
raspberry-pi,raspberrypi,ros
raspberry-pi-2,raspberrypi,ros
raspberry_pi,raspberrypi,ros
raspberry_pi_2,raspberrypi,ros
rate,rate,ros
razor_imu_9dof,razor_imu_9dof,ros
rclcpp,rclcpp,ros
rclpy,rclpy,ros
real-time,real-time,ros
realsense,realsense,ros
realsense_camera,realsense_camera,ros
realtime,realtime,ros
release,release,ros
remap,remap,ros
remapping,remapping,ros
remote,remote,ros
remote-launch,remote-launch,ros
remote-roscore,remote-roscore,ros
resolution,resolution,ros
respawn,respawn,ros
rgbd6dslam,rgbd6dslam,ros
rgbdslam_freiburg,rgbdslam_freiburg,ros
rgbdslam_v2,rgbdslam_v2,ros
rgbdslamv2,rgbdslamv2,ros
roboearth,roboearth,ros
robot,robot,ros
robot_calibration,robot_calibration,ros
robot_description,robot_description,ros
robot_localization,navigation,robot_localization,ros
robot_model,robot_model,ros
robot_pose_ekf,navigation,robot_pose_ekf,ros
robot_state_publisher,robot_state_publisher,ros
robot_upstart,robot_upstart,ros
robotino,robotino,ros
robotis,robotis,ros
robotwebtools,robotwebtools,ros
rocon,rocon,ros
roomba,roomba,ros
roomba_500_series,roomba_500_series,ros
root,root,ros
ros-electric,ros-electric,ros
ros-fuerte,ros-fuerte,ros
ros-groovy,ros-groovy,ros
ros-hydro,ros-hydro,ros
ros-i,ros-industrial,ros
ros-indigo,ros-indigo,ros
ros-industrial,ros-industrial,ros
ros-melodic,ros-melodic,ros
ros2,ros2,ros
ros3djs,ros3djs,ros
ros_Industrial,ros_industrial,ros
ros_arduino_bridge,ros_arduino_bridge,ros
ros_canopen,ros_canopen,ros
ros_comm,ros_comm,ros
ros_control,ros_control,ros
ros_controllers,ros_controllers,ros
ros_electric,ros-electric,ros
ros_indigo,ros-indigo,ros
ros_ip,ros_ip,ros
ros_lib,ros_lib,ros
ros_pcl,ros_pcl,ros
ros_release,ros_release,ros
ros_service,ros_service,ros
ros_tutorials,ros_tutorials,ros
rosaria,rosaria,ros
rosbag,rosbag,ros
rosbag_record,rosbag_record,ros
rosbridge,rosbridge,ros
rosbridge_server,rosbridge_server,ros
rosbridge_suite,rosbridge_suite,ros
rosbuild,rosbuild,ros
roscd,roscd,ros
rosconsole,rosconsole,ros
roscore,roscore,ros
roscpp,roscpp,ros
roscreate-pkg,roscreate-pkg,ros
rosdeb,rosdeb,ros
rosdep,rosdep,ros
rosdep-install,rosdep-install,ros
rosdistro,rosdistro,ros
rosdoc,rosdoc,ros
rosdoc_lite,rosdoc_lite,ros
rosgraph,rosgraph,ros
roshydro,roshydro,ros
rosindigo,ros-indigo,ros
rosinstall,rosinstall,ros
rosjava,rosjava,ros
rosjava.android,rosjava,android,ros
rosjava_core,rosjava_core,ros
rosjava_tutorial_pubsub,rosjava,ros
roslauch,roslauch,ros
roslaunch,roslaunch,ros
roslib,roslib,ros
roslibjs,roslibjs,ros
roslisp,roslisp,ros
rosmake,rosmake,ros
rosmaster,rosmaster,ros
rosmatlab,rosmatlab,ros
rosmessage,rosmessage,ros
rosmsg,rosmsg,ros
rosnode,rosnode,ros
rosout,rosout,ros
rospack,rospack,ros
rospackage,rospackage,ros
rosparam,rosparam,ros
rospkg,rospkg,ros
rospy,rospy,ros
rosrun,rosrun,ros
rosseral_arduino,rosseral_arduino,ros
rosserial,rosserial,ros
rosserial-arduino,rosserial_arduino,ros
rosserial-python,rosserial-python,ros
rosserial_arduino,rosserial,arduino,ros
rosserial_client,rosserial_client,ros
rosserial_python,rosserial_python,ros
rosservice,rosservice,ros
rosservices,rosservices,ros
rostest,rostest,ros
rostime,rostime,ros
rostopic,rostopic,ros
rostopic_-pub,rostopic_-pub,ros
rostopic_echo,rostopic_echo,ros
rosversion,rosversion,ros
rosws,rosws,ros
roswtf,roswtf,ros
rplidar,rplidar,ros
rqt,rqt,ros
rqt_bag,rqt_bag,ros
rqt_graph,rqt_graph,ros
rqt_gui,rqt_gui,ros
rqt_image_view,rqt_image_view,ros
rqt_plot,rqt_plot,ros
rqt_reconfigure,rqt_reconfigure,ros
rtab,rtab,ros
rtabmap,rtabmap,navigation,slam,ros
rtabmap_odometry,rtabmap_odometry,ros
rtabmap_ros,navigation,slam,rtabmap_ros,ros
rviz,rviz,ros
rviz_plugins,rviz_plugins,ros
rxbag,rxbag,ros
rxgraph,rxgraph,ros
rxplot,rxplot,ros
rxtools,rxtools,ros
sbpl,sbpl,ros
sbpl_lattice_planner,sbpl_lattice_planner,ros
scan,scan,ros
scanner,scanner,ros
script,script,ros
sensor_fusion,sensor_fusion,ros
sensor_msgs#Image,sensor_msgs#image,ros
sensor_msgs,sensor_msgs,ros
serial,serial,ros
serialization,serialization,ros
server,server,ros
service,service,ros
services,services,ros
servo,servo,ros
setup.bash,setup.bash,ros
setup.py,setup.py,ros
setup.sh,setup.sh,ros
shadow_robot,shadow_robot,ros
shared_ptr,shared_ptr,ros
shell,shell,ros
shutdown,shutdown,ros
sick,sick,ros
sicklms,sicklms,ros
sicktoolbox_wrapper,sicktoolbox_wrapper,ros
simulation,simulation,ros
simulator,simulation,ros
simulator_gazebo,gazebo,simulation,simulator_gazebo,ros
simulator_stage,simulator_stage,ros
skeletal_tracker,skeletal_tracker,ros
skeleton,skeleton,ros
skeleton_tracker,skeleton_tracker,ros
slam_gmapping,navigation,slam,gmapping,slam_gmapping,ros
sleep,sleep,ros
smach,smach,ros
snowleopard,macos-snowleopard,ros
sonar,sonar,ros
sound_play,sound_play,ros
source,source,ros
spawn,spawn,ros
spawn_model,spawn_model,ros
spin,spin,ros
spinOnce,spinonce,ros
spinning,spinning,ros
srdf,srdf,ros
ssh,ssh,ros
stack,stack,ros
stacks,stacks,ros
stage,stage,simulation,ros
stage_ros,stage_ros,ros
stageros,stageros,ros
startup,startup,ros
state,state,ros
static_map,static_map,ros
static_transform_publisher,static_transform_publisher,ros
std_msgs,std_msgs,ros
stereo,stereo,ros
stereo_calibration,stereo_calibration,ros
stereo_camera,stereo_camera,ros
stereo_image_proc,stere_image_proc,ros
stl,stl,ros
stream,stream,ros
subscribe,subscribe,ros
subscriber,ros
sudo,sudo,ros
svn,svn,ros
sw_urdf_exporter,sw_urdf_exporter,ros
synchronization,synchronization,ros
syncronization,syncronization,ros
syntax,syntax,ros
tabletop,tabletop,ros
tabletop_object_detector,tabletop_object_detector,ros
tag,newtags,ros
talker,talker,ros
target_link_libraries,target_link_libraries,ros
tcpros,tcpros,ros
teb_local_planner,teb_local_planner,ros
teleop,teleop,ros
teleop_base,teleop_base,ros
teleoperation,teleoperation,ros
tf,transform,ros
tf2,tf2,ros
tf2,transform,tf2,ros
tf2_ros,tf2_ros,ros
tf_broadcaster,tf_broadcaster,ros
tf_conversions,tf_conversions,ros
tf_listener,tf_listener,ros
tf_prefix,tf_prefix,ros
tf_static,tf_static,ros
tf_tree,tf_tree,ros
tf_tutorial,tf_tutorial,ros
third-party,third-party,ros
thread,thread,ros
threads,threads,ros
time,time,ros
timeout,timeout,ros
timestamp,timestamp,ros
tinyxml,tinyxml,ros
tod_detecting,tod_detecting,ros
tod_training,tod_training,ros
topic,topic,ros
topic_tools,topic_tools,ros
topics,topics,ros
trac_ik,trac_ik,ros
tracking,tracking,ros
trajectory_filters,trajectory_filters,ros
trajectory_msgs,trajectory_msgs,ros
transform,transform,ros
transform_broadcaster,transform_broadcaster,ros
transformation,transforms,ros
transformations,transformations,ros
transforms,transforms,ros
translation,translation,ros
transmission,transmission,ros
trusty,ubuntu,ubuntu-trusty,ros
tum_ardrone,tum_ardrone,ros
tum_simulator,tum_simulator,ros
turtlebot,turtlebot,ros
turtlebot2,turtlebot2,turtlebot,ros
turtlebot3,turtlebot3,ros
turtlebot_apps,turtlebot_apps,ros
turtlebot_arm,turtlebot_arm,ros
turtlebot_bringup,turtlebot_bringup,ros
turtlebot_calibration,turtlebot_calibration,ros
turtlebot_dashboard,turtlebot_dashboard,ros
turtlebot_gazebo,turtlebot_gazebo,ros
turtlebot_navigation,turtlebot_navigation,ros
turtlebot_simulator,simulation,turtlebot,turtlebot_simulator,ros
turtlesim,turtlesim,ros
turtlesim_node,turtlesim_node,ros
tutorial,tutorial,ros
tutorials,tutorials,ros
ubuntu-12.04,ubuntu,ubuntu-precise,ros
ubuntu-12.10,ubuntu,ubuntu-quantal,ros
ubuntu-14.04,ubuntu,ubuntu-trusty,ros
ubuntu-16.04,ubuntu,ubuntu-xenial,ros
ubuntu-18.04,ubuntu,ubuntu-bionic,ros
ubuntu14.04,ubuntu,ubuntu-trusty,ros
ubuntu16.04,ubuntu,ubuntu-xenial,ros
ubuntu_11.10,ubuntu,ubuntu-oneiric,ros
ubuntu_12.04,ubuntu,ubuntu-precise,ros
udpros,udpros,ros
ueye,ueye,ros
ueye_cam,ueye_cam,ros
unit_testing,unit_testing,ros
universal-robot,universal-robot,ros
universal-robots,universal-robots,ros
universal_robot,universal_robot,ros
update,update,ros
ur10,ur10,ros
ur5,ur5,ros
ur_driver,ur_driver,ros
ur_modern_driver,ur_modern_driver,ros
urdf,urdf,ros
urdf_tutorial,urdf_tutorial,ros
urg_node,urg_node,ros
usb_cam,usb_cam,camera,ros
usb_cam_node,usb_cam_node,ros
use_sim_time,use_sim_time,ros
uvc_cam,uvc_cam,ros
uvc_camera,uvc_camera,ros
uwsim,uwsim,ros
velocity,velocity,ros
velodyne,velodyne,ros
velodyne_driver,velodyne_driver,ros
velodyne_pointcloud,velodyne_pointcloud,ros
video,video,ros
virtualbox,virtualbox,ros
vision_opencv,vision_opencv,ros
viso2,viso2,ros
viso2_ros,viso2_ros,ros
visp_auto_tracker,visp_auto_tracker,ros
visual_odometry,visual_odometry,ros
visualization,visualization,ros
visualization_msgs,visualization_msgs,ros
vlp16,vlp16,ros
voxel_grid,voxel_grid,ros
vrep,vrep,ros
vslam,vslam,ros
vslam_system,vslam_system,ros
web,web,ros
webcam,webcam,ros
websocket,websocket,ros
wheezy,wheezy,ros
wifi,wifi,ros
wiki,wiki,ros
win_ros,win_ros,ros
winros,winros,ros
wireless,wireless,ros
workstation,workstation,ros
world,world,ros
wstool,wstool,ros
wxWidgets,wxwidgets,ros
xacro,xacro,ros
xenial,ubuntu,ubuntu-xenial,ros
xml,xml,ros
xsens,xsens,ros
xtion,xtion,ros
xv_11_laser_driver,xv_11_laser_driver,ros
yaml,yaml,ros
yaml-cpp,yaml-cpp,ros
yaw,yaw,ros
youbot,youbot,ros
