gazebo,gazebo-no-version-declared
sdf,sdformat
plugin,gazebo-plugin
gazebo-9,gazebo-9
urdf,urdf
gazebo_plugins,gazebo-plugin
gazebo-11,gazebo-11
gazebo-7,gazebo-7
drcsim,drcsim
model,gazebo-model
gazebo_ros,ros
camera,gazebo-camera
ignition,gazebo-ignition
sensor,gazebo-sensor
collision,collision
tutorial,gazebo-tutorial
groovy,groovy
gazebo7,gazebo-7
ros-kinetic,ros-kinetic
control,control
physics,physics
installation,installation
#gazebo-1.9.0,gazebo-1.9
contact,contact
gazebo-all-versions,gazebo-all-versions
#gazebo_ros_pkgs,ros
gui,gazebo-gui
mesh,mesh
gazebo_models,gazebo-model
fuerte,ros-fuerte
gazebo_ros_pkgs,ros
collada,collada
friction,friction
#gazebo,gazebo
ros-melodic,ros-melodic
gazebo-1.3,gazebo-1.3
gazebo-1.5,gazebo-1.5
python,python
gazebo-1.4,gazebo-1.4
ros-indigo,ros-indigo
ros2,ros2
gazebo9,gazebo-9
ros_fuerte,ros-fuerte
xacro,xacro
gazebo-ros-control,ros
ignition-gazebo,gazebo-ignition
ogre,ogre
gazebo_worlds,gazebo-world
kinect,kinect
simulator_gazebo,gazebo
cmake,cmake
dae,collada
ros-hydro,ros
cloudsim,cloudsim
ign-citadel,ignition-citadel
bullet,bullet
gazebo4,gazebo-4
ign-fortress,ignition-fortress
indigo,ros-indigo
windows,windows-no-version-declared
kinetic,ros-kinetic
model.sdf,sdformat
#gazebo_ros,ros
rviz,rviz
gazebo-10,gazebo-10
atlassiminterface,
gazebo-1.9,gazebo-1.9
sdformat,sdformat
#gazebo-1.9.5,gazebo-1.9
ignition-citadel,gazebo-citadel
sdf-1.4,sdformat
melodic,ros-melodic
blender,blender
gazebo_ros_camera,ros
ign-edifice,gazebo-edifice
tf,transforms
gazebo-1.8,gazebo-1.8
gazebo-9.0,gazebo-9
gazebo6,gazebo-6
ros-noetic,ros-noetic
c++,c++
ubuntu-16.04,ubuntu-16.04
skid-steer,skid-steer
ubuntu12.04,ubuntu-12.04
#gazebo-1.9.1,gazebo-1.9
ros-groovy,ros-groovy
ubuntu,ubuntu-no-version-declared
#gazebo-2.2.3,gazebo-2.2
#gazebo-2.2.2,gazebo-2.2
gazebo-2.2.3,gazebo-2.2
hydro,ros-hydro
1.3,gazebo-1.3
#gazebo-1.9.3,gazebo-1.9
gazebo-8,gazebo-8
pid,pid
gazebo-5,gazebo-5
differential_drive,differential-drive
ros2-foxy,ros-foxy
gazebo_resource_path,
1.2.5,gazebo-1.2
ros_electric,ros-electric
gazebo-2.2.2,gazebo-2.2
gazebo-1.0,gazebo-1.0
gazebo1.7,gazebo-1.7
gazebo-1.9.0,gazebo-1.9
1.9,gazebo-1.9
gazebo-2.1.0,gazebo-2.1
gazebo-1.4.0,gazebo-1.4
#gazebo-3.0.0,gazebo-3
1.2,gazebo-1.2
rospy,rospy
libsdformat,sdformat
docker,docker
gazebo11,gazebo-11
#urdf,urdf
ign-dome,ignition-dome
ubuntu-18.04,ubuntu-18.04
ubuntu-20.04,ubuntu-20.04
gazebo-1.0.2,gazebo-1.0
gazebo-1.6.3,gazebo-1.6
#gazebo-5,gazebo-5
catkin,catkin
kinematics,kinematics
gazebo2,gazebo-2
gazebo2.0.0,gazebo-2.0
gazebo-6.5.1,gazebo-6.5
homebrew,homebrew-no-version-declared
ignition-fortress,ignition-fortress
#sdf,sdformat
spawn_urdf_model,urdf
diff-drive,differential-drive
stereo,stereo-vision
localization,localization
tf2,transforms
ubuntu-11.10,ubuntu-12.04
#ubuntu14.04,ubuntu-14.04
gazebo5,gazebo-5
ubuntu-13.04,ubuntu-13.04
odometry,odometry
arm_kinematics,kinematics
gazebo-2.2,gazebo-2.2
gazebo_1.2,gazebo-1.2
transforms,transforms
ros_gazebo,ros
urdf.xacro,urdf xacro
gazebo_1.2.5,gazebo-1.2
