tag,newtags
kinetic,ros-kinetic
ROS,ros
rviz,rviz
gazebo,gazebo
Kinect,kinect
catkin,catkin
indigo,ros-indigo
turtlebot,turtlebot
tf,transform
hydro,ros-hydro
moveit,moveit
navigation,navigation
fuerte,ros-fuerte
groovy,ros-groovy
urdf,urdf
Python,python
roslaunch,roslaunch
move_base,navigation,move_base
gmapping,navigation,gmapping
rosjava,rosjava
pcl,pcl
C++,c++
rosbag,rosbag
rospy,rospy
catkin_make,catkin_make
opencv,opencv
roscpp,roscpp
subscriber,ros
openni,openni
ros2,ros2
Ubuntu,ubuntu
cmake,cmake
odometry,navigation,odometry
robot_localization,navigation,robot_localization
amcl,navigation,amcl
RGBDSLAM,navigation,slam
camera,camera
melodic,ros-melodic
rosdep,rosdep
arduino,arduino
imu,imu
publisher
2d_navigation,navigation
rosmake,rosmake
osx,osx
rosserial,rosserial
SLAM,navigation,slam
package
android,android
launch,roslaunch
ROS1,ros
installation
pointcloud,pointcloud
map,navigation,map
callback
node
rostopic,rostopic
pr2,pr2
topic
roscore,roscore
octomap,octomap
message
rosrun,rosrun
service
electric,ros-electric
rosinstall,rosinstall
pointcloud2,pointcloud
rqt,rqt
rosserial_arduino,rosserial,arduino
simulation,simulation
build
laser,laser
ARM,arm
costmap_2d,navigation,costmap_2d
laserscan,laserscan
costmap,navigation,costmap
robot
actionlib,actionlib
robot_pose_ekf,navigation,robot_pose_ekf
hector_slam,navigation,slam,hector_slam
messages
image
boost,boost
gps,gps
sensor_msgs,sensor_msgs
tutorial
Hokuyo,hokuyo
transform,transform
tf2,transform,tf2
odom,navigation,odometry
calibration,calibration
ros_control,ros_control
dynamic_reconfigure,dynamic_reconfigure
publish
rtabmap,rtabmap,navigation,slam
slam_gmapping,navigation,slam,gmapping,slam_gmapping
nodelet,nodelet
rosbuild,rosbuild
rtabmap_ros,navigation,slam,rtabmap_ros
velodyne,velodyne
openni_camera,openni_camera
stage,stage,simulation
localization,navigation,localization
arm_navigation,arm_navigation
dependencies
subscribe
beginner
rosbridge,rosbridge
cv_bridge,cv_bridge
xacro,xacro
network
lidar,lidar
pose
openni_kinect,openni_kinect
openni_launch,openni_launch
source
tutorials
rosparam,rosparam
CMakeLists.txt,cmake
cmd_vel,navigation
nao,nao
depth
multiple
base_local_planner,navigation,base_local_planner
Debian,debian
mapping,navigation,mapping
Qt,qt
hector_mapping,navigation,mapping,hector_mapping
topics
camera_calibration,calibration,camera_calibration
diamondback,ros-diamondback
image_transport,image_transport
Husky,husky
plugin,plugin
bloom,bloom
2DSLAM,slam
jade,ros-jade
hokuyo_node
Sensor
msg
build_from_source
quaternion,quaternion
path
pcl_ros,pcl,pcl_ros
Eclipse,eclipse
rosnode,rosnode
rospack,rospack
usb_cam,usb_cam,camera
packages
hector,hector
rosservice,rosservice
lunar,ros-lunar
ubuntu-12.04,ubuntu,ubuntu-precise
controller,controller
ros-industrial,ros-industrial
knowrob,knowrob
4.RViz,rviz
stack
kobuki,kobuki
robot_state_publisher,robot_state_publisher
map_server,navigation,mapping,map_server
openni_tracker,openi_tracker
12.04,ubuntu,ubuntu-precise
parameter
cpp,c++
control
stereo,stereo
roboearth,roboearth
rosaria,rosaria
navigation_stack,navigation
opencv2,opencv2
nodes
include
yaml
geometry_msgs,geometry_msgs
release
image_view,image_view
library
parameters
USB,usb
model
GUI
frame
catkin-cmake,catkin,cmake
ompl,ompl
hector_quadrotor,hector_quadrotor
eigen,eigen
joint
time
turtlebot3,turtlebot3
rostest,rostest
bag,rosbag
turtlesim,turtlesim
wiki
namespace
android_core,android,android_core
matlab,matlab
ur5,ur5
custom_message,custom_message
simulator,simulation
data
planner
CMakeLists,cmake
communication
NXT,nxt
mavros,mavros
serial,serial
Windows,windows
ardrone,ardrone
raspberry,rasbperrypi
joystick,joystick
hardware
logging
ROS_PACKAGE_PATH,ros_package_path
simulator_gazebo,gazebo,simulation,simulator_gazebo
2d_laser_scanner,laser
answers.ros.org
driver
mesh,mesh
turtlebot2,turtlebot2,turtlebot
stereo_image_proc,stere_image_proc
smach,smach
update
best_practices
ekf,ekf
jenkins,jenkins
RaspberryPi,raspberrypi
documentation
buildfarm
linux,linux
teleop,teleop
beginner_tutorials
gscam,gscam
octomap_server,octomap_server,octomap
velocity
make,make
position
precise,ubuntu,ubuntu-precise
ekf_localization_node,ekf,ekf_localization_node
compilation
lion,macos-lion,macos
xtion,xtion
launchfile,roslaunch
costmap2D,costmap,navigation
ogre,ogre
xml,xml
Docker,docker
joint_state_publisher,joint_state_publisher
collada,collada
dynamixel,dynamixel
synchronization,synchronization
visualization
scan
remote
callbacks
compile
base_link
1.gazebo,gazebo
message_filters,message_filters
rqt_plot,rqt_plot
ssh,ssh
ar_pose,ar_pose
rosmsg,rosmsg
ros-indigo,ros-indigo
pointcloud_to_laserscan
laser_scan_matcher
camera1394
crystal,ros-crystal
ROS-kinetic,ros-kinetic
linking
pluginlib
server
master
uwsim
pioneer
baxter
teb_local_planner
catkin-make,catkin_make
header
bouncy,ros-bouncy
uvc_camera
object_recognition
2DCostmap
p2os
ardrone_autonomy
roscd
Raspbian
global_planner
joy
stageros
rosconsole
services
wifi
ROS_MASTER_URI
roomba
collision
setup.bash
dwa_local_planner
lookupTransform,transforms,tf2
6.turtlebot,turtlebot
octomap_mapping
vision_opencv
rosws
std_msgs
nav2d
gazebo_plugins
1.indigo,ros-indigo
ikfast
git
rplidar
Ubuntu12.04,ubuntu-precise,ubuntu
timestamp
move_group
asus_xtion_pro_live
marker
SDF
catkin_workspace
ar_track_alvar
quadrotor
gazebo_ros
gazebo_ros_control
controller_manager
2D_mapping
openni.launch
gtest
Clearpath
rgbdslam_freiburg
1.ros,ros
inverse_kinematics
sick
sbpl
bloom-release
orocos
QtCreator
bash
action
fedora
viso2_ros
video
rosjava_core
array
webcam
exploration
hector-slam,hector_slam
navfn
vslam
youbot
UAV
1.navigation,navigation
openrave
base_global_planner
librviz
Java,java
catkin_package
homebrew
bagfile
freenect
openni2
pcd
3D_Mapping,mapping
libopencv
visual_odometry
navsat_transform_node
beaglebone
rosout
Costmap2DROS,costmap_2d_ros
stl
Archlinux
rosjava.android,rosjava,android
ik
armhf
Pandaboard
kdl
nodehandle
nav_msgs
ros_canopen
transforms
ros_electric,ros-electric
colcon
motion_planning
interactive_markers
roslibjs
package.xml
roswtf
rosdistro
kinematics
fuerte_turtlebot,ros-fuerte,turtlebot
world
RGBD-6D-SLAM,rgbd_slam,slam
parameter_server
static_transform_publisher
ekf_localization
virtualbox
remap
rqt_graph
move_arm
pid
3DPointCloud,pointcloud
depth_image
TransformListener,tf2,transform_listener
real-time
rostime
catkin_make_isolated
rosmaster
Asus_Xtion,xtion
frontier_exploration
sonar
jackal
tum_simulator
turtlebot_bringup
LMS1xx,sicklms
RGBD,rgbd
clock
planning_scene
ros_comm
camera_info_manager
sound_play
spin
3d_object_recognition
3D_navigation,3D_navigation
macosx
laser_scan
android_tutorial_pubsub,android
pi,raspberrypi
rosserial-arduino,rosserial_arduino
dds
Timer,timer
cross-compiling,cross_compiling
rosserial_python
geometry
tf2_ros
sicktoolbox_wrapper
teleoperation
ubuntu16.04,ubuntu,ubuntu-xenial
ros-electric
camera_info
camera_drivers
opengl
Raspberry-PI-3,raspberrypi
robot_model
wireless
Rtab-map,rtabmap
sicklms
SolidWorks,solidworks
action_server
snowleopard,macos-snowleopard
global_costmap
Create,create
ardent
python3
shutdown
overlay
3d_slam
motoman
rosdep-install
rosseral_arduino
rxbag
gazeboRviz,gazebo,rviz
libraries
bluetooth
velodyne_driver
ros-fuerte
universal_robot
ubuntu-16.04,ubuntu,ubuntu-xenial
household_objects_database
markers
local_costmap
gyro
ccny_rgbd
rgbdslam_v2
robot_upstart
rviz_plugins
rxplot
multi-robot,multi_robot
navsat_transform
message_generation
image_proc
groovy_install,ros-groovy
joint_states
pocketsphinx
OccupancyGrid,navigation,occupancy_grid
asus
laser_assembler
pointgrey
diagnostics
manifest.xml
svn
bullet
filter
realsense
urg_node
perception_pcl
14.04,ubuntu,ubuntu-trusty
2dmap,navigation,mapping
turtlebot_simulator,simulation,turtlebot,turtlebot_simulator
metapackage
roslib
bashrc
frame_id
gazebo_simulator,gazebo_simulator,gazebo
12.04.urdf,ubuntu,ubuntu-precise
p3dx
rqt_gui
environment
PCLPointCloud2,pcl,pointcloud
ubuntu-14.04,ubuntu,ubuntu-trusty
gdb
rxgraph
pcl-1.7,pcl,pcl-1.7
IDE
odroid
range
nao-robot
fuerte_install,ros-fuerte
joy_node
ubuntu14.04,ubuntu,ubuntu-trusty
github
sbpl_lattice_planner
thread
2d_nav_goal
collision_object
2d_pose_estimate
ros_indigo,ros-indigo
roslauch
remapping
rate
g2o
ament
encoder
rgbdslamv2
transformation,transforms
differential_drive
tracking
ethernet
collada_urdf
yaw
c++11
bumblebee
turtlebot_arm
cross_compilation,cross-compilation
occupancy_grid
gazebo_plugin
turtlebot_gazebo
performance
frames
16.04,ubuntu,ubuntu-xenial
ros_controllers
abb
turtlebot_navigation
spinOnce
cuda
electric_turtlebot,ros-electric,turtlebot
spawn_model
irobot_create
wstool
ompl_planning
ardrone2.0
visualization_msgs
pioneer-3dx
3dslam
point_cloud,pointcloud
hokuyo_laser
raspberry-pi,raspberrypi
people
keyboard_teleop
bumblebee2
path_planning
rospkg
moveit_setup_assistant
multi-thread
ur10
gradle
stereo_camera
trusty,ubuntu,ubuntu-trusty
threads
joints
frequency
roslisp
nvidia
tum_ardrone
offline
queue
external_libraries
simulator_stage
CPU
natty,ubuntu,ubuntu-natty
tf_broadcaster
getparam
depthimage_to_laserscan
libuvc_camera
groovy_turtlebot
encoders
stacks
catkin_tools
dae
velodyne_pointcloud
avoid_obstacle
cturtle
PYTHONPATH
base_footprint
nao_driver
raspberry_pi,raspberrypi
compressed_image_transport
turtlesim_node
pixhawk
mavlink
mit-ros-pkg
groovy_beta
jessie
anaconda
knowrobtutorials
libviso2
pr2_simulator
multiplemachines
BeagleBoneBlack
xenial,ubuntu,ubuntu-xenial
rosindigo,ros-indigo
jetson_tk1
gps_common
primesense
3.ROS,ros
turtlebot_dashboard
Kuka
ROS_kinetic,ros-kinetic
target_link_libraries
turtlebot_calibration
ubuntu_11.10,ubuntu,ubuntu-oneiric
gripper
action_client
follow_joint_trajectory
viso2
planning_environment
kalman
spawn
deb
ar_kinect
TimeSynchronizer
ApproximateTime
gumstix
Drone
coordinate
script
talker
rocon
local_planner
arbotix
realsense_camera
fovis_ros
win_ros
ros_service
pr2_controllers
call_service
catkin_ws
base_odometry
resolution
state
ompl_ros_interface
face_recognition
create_autonomy
ur_modern_driver
eigen3
inverse
sw_urdf_exporter
gmapping_demo
ros-groovy
CMakeList,cmake
robotino
oneiric,ubuntu,ubuntu-oneiric
BeagleBoard
rosservices
bagfiles
gentoo
rgbd6dslam
tf_listener
qt5
rtabmap_odometry
gazebo7
memory
grasping
camera_pose_calibration
pathplanning
realtime
sensor_fusion
image_geometry
genmsg
uvc_cam
buffer
rosdoc
manipulation
shell
vlp16
robot_description
hydro_turtlebot,ros-hydro,turtlebot
servo
ros_release
multi_robot
image_pipeline
coordinate_system
stereo_calibration
depth_image_proc
transmission
multiple-machines
tcpros
multithreading
makefile
mac
raspberry_pi_2,raspberrypi
XmlRpc
ros-melodic
find_package
gazebo_worlds
startup
multimaster
embedded
openni_node
motoman_driver
joint_trajectory_controller
topic_tools
hardware_interface
static_map
voxel_grid
transformations
tabletop_object_detector
pr2_controller_manager
binary
roscreate-pkg
collision_map
pre-release
rclcpp
environment_variables
3rd_party_package
tf_tree
arm_kinematics
iai_kinect2
erratic
mobile_robot
image_raw
laser_geometry
python2.7
icp
linuxmint
nite
audio_common
rqt_reconfigure
indigo_install,ros-indigo
headers
3d_visualization
Catkin-build,catkin
ubuntu-18.04,ubuntu,ubuntu-bionic
blender
moveit_commander
laserscanner
PyQt
launch_file
rosbridge_suite
log4cxx
Fovis
ecto
images
rqt_bag
map_saver
object_detection
CallbackQueue
rosserial-python
param_server
AsyncSpinner
websocket
libboost
unit_testing
tf_prefix
use_sim_time
ps3joy
android_teleop
motion_planners
rosversion
transform_broadcaster
robotwebtools
move_group_interface
force
mobile
buiding_errors
cmakelist.txt,cmake
ethercat
diff_drive_controller
Battery
odom_combined
irobot_create_2_1
camera_depth_points
ur_driver
poseStamped
SimpleActionClient
obstacle_avoidance
gpsd_client
footprint
logger
libfreenect
ROS_INFO
tabletop
Lego
meta
tod_training
care-o-bot
eband_local_planner
rosdoc_lite
compressed
asus_xtion_pro
ros-hydro
fixed_frame
catkin_create_pkg
dynamixel_controller
ubuntu-12.10,ubuntu,ubuntu-quantal
tod_detecting
Lucid,ubuntu,ubuntu-lucid
PTAM
2Dlaserscan
vslam_system
laser_filters
CAD
cartesian
mountain_lion,macos-mountain-lion
srdf
stage_ros
collision_detection
remote-launch
forward_kinematics
Neato
Avoidance
spinning
dynamixel_motor
pr2_gazebo
teleop_base
ros_tutorials
tf2
graph
nodelets
vrep
movegroup
diagnostic_aggregator
object_manipulation
pi_tracker
shared_ptr
intel
add_message_files
nav_core
fanuc
ros3djs
cram
openni2_camera
rospackage
trac_ik
build_package
sudo
fcl
acceleration
Interactive+Markers,interactive_markers
opencv3
NaoQI
cvbridge
jetson
pr2_arm_navigation
coordinates
leg_detector
urdf_tutorial
yaml-cpp
third-party
scanner
sensor_msgs#Image
camera_driver
ros_arduino_bridge
Fixed-frame-rviz,rviz
skeleton
ros_pcl
rclpy
permissions
load
network_setup
BaseGlobalPlanner
qt4
hand_interaction
rqt_image_view
raspberry-pi-2,raspberrypi
freenect_launch
winros
pip
shadow_robot
rosgraph
json_prolog
libroscpp
rosserial_client
serialization
StampedTransform
joint_trajectory_action
ueye
pelican
plot
jointstate
mavericks
CAN
universal-robot
sleep
ros_lib
android_gingerbread
base_controller
mjpeg_server
moveit+arm,moveit
moveit_tutorial
namespaces
gpu
gps_umd
manipulator
actionlib_tutorials
function
audio
ethzasl_ptam
optimization
opencv2.2
universal-robots
3Dmapping
depth_registered
extract_images
catkin_pkg
5.ROS,ros
web
VLP-16
stream
trajectory_filters
message_filter
3Dcamera
remote-roscore
erratic_gazebo
ROS_HOSTNAME
pgm
hector_navigation
markers.rviz
binaries
wheezy
aria
layered_costmap
actuator
syntax
base_laser
devel
points
environment_server
octree
amcl_pose
executive_smach
razor_imu_9dof
p3at
imu_drivers
bandwidth
pr2_tabletop_manipulation_apps
client_rosjava
Navigationstack,navigation
fake_localization
nav2d_exploration
laser_pipeline
tf_conversions
skeletal_tracker
64bit
roomba_500_series
arm_controller
xv_11_laser_driver
ros_Industrial
rostopic_echo
quadcopter
Cartographer
ros-i,ros-industrial
motionplanning
libopenni
timeout
ueye_cam
rosbridge_server
create_robot
robotis
face_detection
tf_tutorial
integration
clear_costmap
Schunk
openCR
move_base_msgs
mobile_base
Windows10
phidgets
machines
4.ubuntu-14.04,ubuntu,ubuntu-trusty
compressedImage
IR
skeleton_tracker
moveit+move_group,moveit
setup.py
markerarray
ax12
2d_naviagation,navigation
prosilica_camera
microcontroller
roshydro
trajectory_msgs
learning_tf
syncronization
permission
download
motor_controller
monocular_camera
kforge
joint_state
JointTrajectory
multi_machine
cmvision
object_recognition_kitchen
tinyxml
add_dependencies
microstrain
catkin-install
rosmatlab
lsd_slam
broadcaster
root
usb_cam_node
workstation
rxtools
rosbag_record
localilzation
libusb
RRT
udpros
create2
robot_calibration
nxt_ros
nao_robot
gcc
pick_and_place
turtlebot_apps
generate_messages
carrot_planner
PX4
limits
ubuntu_12.04,ubuntu,ubuntu-precise
rosjava_tutorial_pubsub,rosjava
icreate
octovis
parallel
XV-11
respawn
xsens
setup.sh
node_handle
nodelet_manager
2Dlidar
OptiTrack
hector_localization
multiarray
3.amcl,navigation,amcl
rtab
KinectV2,kinect
visp_auto_tracker
map_to_odom
explore
A200
module
kinetic-gazebo7,gazebo,ros-kinetic
Astra
pointclouds
RosAndroid
Arduino#ROS#Raspberry
nav2d_tutorials
pcl_conversions
logitech
physics
gazebo_ros_openni_kinect
linear_velocity
latch
ImageTransport,image_transport
grasp
print
ethzasl_icp_mapping
bebop_autonomy
CLion,clion
parrot
msg_subscriber
Catkin.workspace
translation
tf_static
rostopic_-pub
microstrain_3dmgx2_imu
md5
kinova
2d_image
ccny-ros-pkg
bag_to_pcd
wxWidgets
amcl_demo.launch
begginer_tutorials
USB_camera
rosdeb
ros_ip
mocap_optitrack
rosmessage
DWA
desktop-full
extended_kalman_filter
play
ROS_WORKSPACE
morse
estimation
apt
path-planning
MacBook
player
filesystem
ardrone-autonomy
p2os_driver
